{
  "name": "cypher",
  "title": "Cypher System",
  "description": "The Cypher System system for FoundryVTT!",
  "version": "0.2.0",
  "minimumCoreVersion": "0.6.6",
  "compatibleCoreVersion": "0.6.6",
  "templateVersion": 2,
  "author": "3rdDog",
  "esmodules": ["module/cypher.js"],
  "styles": ["css/cypher.css"],
  "scripts": [],
  "packs": [],
  "languages": [
    {
      "lang": "en",
      "name": "English",
      "path": "lang/en.json"
    }
  ],
  "gridDistance": 5,
  "gridUnits": "ft",
  "url": "https://github.com/pumbers/cypher-foundryvtt",
  "manifest": "https://raw.githubusercontent.com/pumbers/cypher-foundryvtt/master/system.json",
  "download": "https://github.com/pumbers/cypher-foundryvtt/releases/download/v0.2.0/cypher-foundryvtt-0.2.0.zip",
  "license": "LICENSE.txt"
}
