{
  "Actor": {
    "types": ["character", "npc"],
    "templates": {
      "base": {
        "description": "Lorem ipsum dolor sit amet, consectetur adipiscing elit. Cras at dui vitae ligula malesuada fringilla a non nibh. Vestibulum bibendum felis id mi vestibulum posuere. Nulla blandit sapien dolor, vitae dictum nisl semper quis.",
        "version": 1
      }
    },
    "character": {
      "templates": ["base"],
      "species": "",
      "type": "",
      "flavor": "",
      "descriptor": "",
      "focus": "",
      "tier": 1,
      "cypherLimit": 2,
      "stats": {
        "might": {
          "max": 10,
          "edge": 0,
          "value": 10
        },
        "speed": {
          "max": 10,
          "edge": 0,
          "value": 10
        },
        "intellect": {
          "max": 10,
          "edge": 0,
          "value": 10
        }
      },
      "effort": 1,
      "xp": 0,
      "advances": {
        "stats": false,
        "effort": false,
        "edge": false,
        "training": false,
        "other": false
      },
      "damage": { "value": 0, "special": 0 },
      "recovery": { "roll": "1d6+@tier", "used": 0 }
    },
    "npc": {
      "templates": ["base"],
      "level": 1,
      "motive": "",
      "health": 0,
      "damage": 0,
      "armor": 0,
      "movement": 1,
      "modifications": "",
      "combat": "",
      "interaction": "",
      "use": "",
      "loot": ""
    }
  },
  "Item": {
    "types": ["skill", "ability", "powerShift", "arc", "item", "cypher", "artifact"],
    "templates": {
      "base": {
        "description": "Lorem ipsum dolor sit amet, consectetur adipiscing elit. Cras at dui vitae ligula malesuada fringilla a non nibh. Vestibulum bibendum felis id mi vestibulum posuere. Nulla blandit sapien dolor, vitae dictum nisl semper quis.",
        "version": 1
      },
      "use": {
        "use": {
          "stat": { "key": "speed", "cost": 0, "canIncrease": false },
          "skill": 1,
          "adjust": 0,
          "effort": { "free": 0 },
          "isAttack": false,
          "damage": 0,
          "isDefense": false,
          "armor": 0,
          "range": 0,
          "depletion": { "roll": "", "value": 0 }
        }
      }
    },
    "skill": { "templates": ["base", "use"], "level": 1 },
    "ability": {
      "templates": ["base", "use"],
      "level": 0,
      "isEnabler": false,
      "isAction": false
    },
    "powerShift": { "templates": ["base"], "level": 0 },
    "arc": { "templates": ["base"], "opening": "", "steps": [], "climax": "", "resolution": "" },
    "item": {
      "templates": ["base", "use"],
      "quantity": 1,
      "price": 0
    },
    "cypher": { "templates": ["base", "use"], "form": "", "kind": "", "level": { "roll": "1d6", "value": 0 } },
    "artifact": {
      "templates": ["base", "use"],
      "origin": "",
      "law": "",
      "form": "",
      "level": { "value": 0 },
      "depletion": { "value": 0, "roll": "" }
    }
  }
}
